Serial No. (Labelled on tag),EPC ID,Linked Truck Licence Number
1,E28038212000602702F331AC,NAP6182
2,E28038212000602702ED2693,ALA9893
3,E28038212000602607C13A82,NIF4992
4,E28038212000602607C1087C,NIL4535
5,E28038212000602702ED22B5,
6,E28038212000602702ED25EB,CCN2485
7,E28038212000602607C0B26C,NHE9289
8,E28038212000602702ED265F,ABF3058
9,E28038212000602607C0E33C,CCN9373
10,E28038212000602702ED2699,CAA5049
11,E28038212000602607C1167B,NCK5341
12,E28038212000602607C0BE7B,NAM1183
13,E28038212000602702ED26B3,NDM5912
14,E28038212000602702ED2652,KAR4412
15,E28038212000602702F2E8B7,NAP6193
16,E28038212000602607C0A7F5,CAS5860
17,E28038212000602702ED1DF4,CBR8915
18,E28038212000602702ED255E,CBQ6122
19,E28038212000602702ED2681,NAF6399
20,E28038212000602702ED23F3,AMA2600
21,E28038212000602702ED2432,NFK2388
22,E28038212000602702ED25ED,NBK4013
23,E28038212000602702F355D9,NER5153
24,E28038212000602607C12178,NBR6284
25,E28038212000602607C0F08D,NEO4907
26,E28038212000602702ED2349,NAK9067
27,E28038212000602607C184BB,NAG4729
28,E28038212000602607C08F25,CAI4071
29,E28038212000602702ED26FE,NIC3666
30,E28038212000602702ED21B0,NIE2448
31,E28038212000602607C0B511,CBF1010
32,E28038212000602702ED227D,NDZ5797
33,E28038212000602702ED21B3,NFD5191
34,E28038212000602607C0C160,NAY1320
35,E28038212000602702ED2047,NDJ2415
36,E28038212000602607C0B50E,NIN6442
37,E28038212000602607C1087F,NEJ2334
38,E28038212000602702ED1EF4,NGS2337
39,E28038212000602607C143B9,NAM1185
40,E28038212000602607C12E82,NIO4091
41,E28038212000602607C14F63,NCZ8036
42,E28038212000602607C143BA,ABK1346
43,E28038212000602702ED2402,CCE3764
44,E28038212000602702ED275E,NBD2182
45,E28038212000602607C1139D,NIK4308
46,E28038212000602607C0D71A,CCO8049
47,E28038212000602702ED1D24,NGP8176
48,E28038212000602702ED242D,
49,E28038212000602702ED1CC0,NBK4103
50,E28038212000602702ED1D40,CBP3950
51,E28038212000602702ED2224,CBF5390
52,E28038212000602702ED24AB,CBP6854
53,E28038212000602702ED1FE8,CBQ7860
54,E28038212000602702ED262D,RNL386
55,E28038212000602702ED23B1,NEG5701
56,E28038212000602702ED26FA,
57,E28038212000602607C165B4,CBQ3150
58,E28038212000602607C06565,NAT3060
59,E28038212000602702ED2449,CBN6308
60,E28038212000602607C083AF,WIG591
61,E28038212000602702ED2587,CBQ9481
62,E28038212000602702ED1D14,CBA5148
63,E28038212000602607C08F13,NIO4675
64,E28038212000602702ED2485,CBQ6817
65,E28038212000602702ED23AB,NEJ2336
66,E28038212000602702ED232D,NBC5286
67,E28038212000602702ED20C8,NIK4309
68,E28038212000602702ED26CE,CDK5262
69,E28038212000602702ED2712,ABO1537
70,E28038212000602702ED271D,NCK3688
71,E28038212000602702ED24B7,NBK4101
72,E28038212000602607C122C4,NBK4100
73,E28038212000602702F331AF,NDJ2408
74,E28038212000602702ED20A4,NAH9607
75,E28038212000602702F2C4CB,NIA1094
76,E28038212000602702F355DC,NHF6961
77,E28038212000602607C14651,NAP6461
78,E28038212000602702ED20AB,NEG1873
79,E28038212000602607C083AB,NCJ8432
80,E28038212000602702ED1CF8,NDR6911
81,E28038212000602702ED1E84,RKB862
82,E28038212000602607C0C163,NII1211
83,E28038212000602702ED216B,NEX1974
84,E28038212000602702ED2238,NDM3216
85,E28038212000602702ED2140,NAM1046
86,E28038212000602702ED1FD0,NBF2076
87,E28038212000602607C0BE8D,NGJ3662
88,E28038212000602607C06E08,NDD9163
89,E28038212000602607C083A1,CBP1414
90,E28038212000602702ED26A5,NDF5264
91,E28038212000602702ED1EC4,NBE7513
92,E28038212000602607C05B20,NAG4727
93,E28038212000602607C18E18,NEX1972
94,E28038212000602607C04809,NAN4757
95,E28038212000602607C0CDC9,NFZ5329
96,E28038212000602702ED1EB8,NDN9863
97,E28038212000602702ED24A9,NIK4307
98,E28038212000602702ED220C,NBG6676
99,E28038212000602702ED2240,NEP5869
100,E28038212000602607C18E13,NET7375
101,E28038212000602702ED1E00,NAP6767
102,E28038212000602702ED2183,MAP6453
103,E28038212000602607C17ACB,NGU7954
104,E28038212000602702ED22CE,NEV8572
105,E28038212000602607C06381,397220666
106,E28038212000602607C19F54,CBJ8146
107,E28038212000602607C09D7B,NEA2255
108,E28038212000602702ED246A,NCK7628
109,E28038212000602702F2DC8D,CCE1180
110,E28038212000602702ED1E44,CDK4377
111,E28038212000602702ED201F,NAS4482
112,E28038212000602702ED1FD3,NIH6559
113,E28038212000602607C091A5,ALA8212
114,E28038212000602607C18E19,NIL4786
115,E28038212000602702ED26F5,NGP8175
116,E28038212000602702ED1CEC,ABO1244
117,E28038212000602702ED26AE,NCJ8435
118,E28038212000602607C17257,NBK3945
119,E28038212000602702ED2038,NEO2134
120,E28038212000602702ED2683,NEJ4110
121,E28038212000602702F2C4CA,NCE1456
122,E28038212000602702ED23FF,NCZ4507
123,E28038212000602702F2C4C2,NCX5599
124,E28038212000602702ED2875,NEG1872
125,E28038212000602702F2C4CC,ABI9901
126,E28038212000602702ED22CA,NBQ5725
127,E28038212000602702F34A4F,NEJ2328
128,E28038212000602702ED25AA,NFK5159
129,E28038212000602702ED24A7,NIL4787
130,E28038212000602702ED269B,NHE6017
131,E28038212000602702ED239F,NDZ2329
132,E28038212000602702ED234F,ABR3299
133,E28038212000602702ED257A,NAK9389
134,E28038212000602607C1213B,ABS6751
135,E28038212000602702ED25C3,ABK8216
136,E28038212000602607C0FCA4,NAY1067
137,E28038212000602702ED2776,NEP7181
138,E28038212000602702ED24A2,NET7373
139,E28038212000602702ED2719,NAR1500
140,E28038212000602702ED277E,CCE5024
141,E28038212000602702F2D0CB,CBP1250
142,E28038212000602702ED222C,NBM1946
143,E28038212000602702ED261E,NAR1254
144,E28038212000602702ED26D5,AAV3590
145,E28038212000602702ED238B,NIU9283
146,E28038212000602702ED26A7,NEV7141
147,E28038212000602702ED25B3,NEP5868
148,E28038212000602607C143B1,NBG1310
149,E28038212000602702ED23DA,CBA2925
150,E28038212000602702ED22F4,CDJ2359
151,E28038212000602702ED232E,CBR1451
152,E28038212000602702ED257E,NAK9362
153,E28038212000602702ED272E,CCM9842
154,E28038212000602702ED23CB,NGL7313
155,E28038212000602702ED24C9,NEO4813
156,E28038212000602702ED2616,NIU9282
157,E28038212000602607C0C01A,NBK4107
158,E28038212000602607C14648,NBG6695
159,E28038212000602702ED241E,NFG2933
160,E28038212000602702ED25B5,NBC5293
161,E28038212000602702ED2361,NAP6195
162,E28038212000602702ED238A,NDD7439
163,E28038212000602702ED2559,CAL1589
164,E28038212000602702ED268F,
165,E28038212000602702ED1FE4,AMA2778
166,E28038212000602702ED262A,NEW4675
167,E28038212000602607C0E4E8,NBG6679
168,E28038212000602607C09C25,NEM7160
169,E28038212000602702ED2629,NFL1185
170,E28038212000602702ED23FB,CCE1040
171,E28038212000602607C06E0A,NIO9179
172,E28038212000602702ED2531,NDC7106
173,E28038212000602702ED23E6,NIO4016
174,E28038212000602702ED2632,CAI1751
175,E28038212000602702ED230B,NFS5381
176,E28038212000602702ED206F,NAP6184
177,E28038212000602702ED26E1,
178,E28038212000602702F2E8AA,CBQ5002
179,E28038212000602702ED236A,
180,E28038212000602702ED25F3,CBQ7894
181,E28038212000602702ED2551,CAY4814
182,E28038212000602702ED24B1,NDV3262
183,E28038212000602702ED2471,NDN7130
184,E28038212000602702ED267E,NBF8925
185,E28038212000602702ED2413,NAP6459
186,E28038212000602702ED23FE,NFD4194
187,E28038212000602607C14653,NAT3006
188,E28038212000602702ED23FC,NGG6816
189,E28038212000602607C04807,NAO3973
190,E28038212000602702ED23A5,CBQ8065
191,E28038212000602702ED277D,NBE7492
192,E28038212000602702ED2372,NCI9441
193,E28038212000602702ED249F,NFG8664
194,E28038212000602702ED25A1,NAP6433
195,E28038212000602702ED247D,NDN9856
196,E28038212000602702ED24D6,NIO8782
197,E28038212000602702ED260A,NAT3065
198,E28038212000602702ED2606,NBG6055
199,E28038212000602702ED23DF,NEO8650
200,E28038212000602702ED2385,CBQ6052
201,E28038212000602607C0F036,NAW4380
202,E28038212000602702ED2383,NAM6682
203,E28038212000602702ED23D3,UAQ562
204,E28038212000602607C05B1C,CBN2262
205,E28038212000602702ED2341,NEM3199
206,E28038212000602702ED1FD8,CCO5346
207,E28038212000602607C12175,NBK4102
208,E28038212000602702ED259E,NCE1458
209,E28038212000602702ED2389,NEX9455
210,E28038212000602702ED1D60,NIL4533
211,E28038212000602702ED22B9,NAN3655
212,E28038212000602702ED26E6,NGT9269
213,E28038212000602702ED2501,NEP1590
214,E28038212000602702ED200F,NBM1984
215,E28038212000602702ED1DD8,NEA2245
216,E28038212000602702ED24B9,NEJ4109
217,E28038212000602702ED2677,NCI9452
218,E28038212000602607C12177,NGA6949
219,E28038212000602607C06570,NBM9825
220,E28038212000602702ED22D9,CCB8527
221,E28038212000602702ED22FD,NDQ6499
222,E28038212000602702ED236F,NBM3225
223,E28038212000602702ED23D2,NQH561
224,E28038212000602702ED263A,NIC3665
225,E28038212000602702ED2859,NFG2935
226,E28038212000602607C0CC74,CBR6206
227,E28038212000602702ED275D,NET7374
228,E28038212000602702ED23EF,NBE7512
229,E28038212000602702F2D0A3,
230,E28038212000602702ED2639,NBK4106
231,E28038212000602702F2D0B0,AJA9140
232,E28038212000602702ED1D04,NAU9993
233,E28038212000602607C0FDF6,NFY3826
234,E28038212000602702ED24B4,NHA2544
235,E28038212000602607C0E4DE,NIL4532
236,E28038212000602702ED22E3,NFZ6595
237,E28038212000602702ED273B,NIH5830
238,E28038212000602702ED270D,NHE4842
239,E28038212000602702ED1DB4,NBC7128
240,E28038212000602702ED24F9,NGX6714
241,E28038212000602702ED24A1,NHD9229
242,E28038212000602702ED2163,NDD7436
243,E28038212000602607C114E4,NBJ2753
244,E28038212000602702ED22AD,NDQ6495
245,E28038212000602702ED2311,NHD3425
246,E28038212000602607C0F086,NCI9453
247,E28038212000602702ED23BE,
248,E28038212000602702ED2626,NBM1270
249,E28038212000602702ED24D2,NGL4352
250,E28038212000602702ED235F,NBQ1863
251,E28038212000602702ED274A,NDQ9387
252,E28038212000602702ED23ED,CAD4931
253,E28038212000602702ED24CD,NEV4687
254,E28038212000602702ED243F,NEV8571
255,E28038212000602702F331A5,NAP6460
256,E28038212000602702ED230A,NBE8836
257,E28038212000602702ED276A,NIK8044
258,E28038212000602607C0CC76,NET5111
259,E28038212000602702ED26D8,ABO2976
260,E28038212000602702ED237F,NEG6563
261,E28038212000602702ED270B,NCY3347
262,E28038212000602702ED23BB,CBJ1972
263,E28038212000602702ED23A6,CAK6324
264,E28038212000602702ED25E1,NGK7312
265,E28038212000602702ED243E,NAM6677
266,E28038212000602702F355DF,ABO1534
267,E28038212000602702ED2723,NIL4785
268,E28038212000602702ED22BE,CBS4759
269,E28038212000602702ED26DB,NGB4067
270,E28038212000602702ED26EE,NAR1502
271,E28038212000602702F2D0A4,CBA2590
272,E28038212000602702ED2315,CBJ2814
273,E28038212000602702ED25E7,CBQ2637
274,E28038212000602702ED239B,NHD3271
275,E28038212000602702ED23D7,NDM8927
276,E28038212000602702ED2492,NFZ6597
277,E28038212000602702ED2451,NEX1975
278,E28038212000602702F2D0AB,NFY7809
279,E28038212000602607C0B395,NAT8166
280,E28038212000602607C0F02A,NEA2253
281,E28038212000602702ED2393,NAU9911
282,E28038212000602702ED23B8,NIK4169
283,E28038212000602702ED26F6,ABO2975
284,E28038212000602702ED231E,NAK9069
285,E28038212000602702ED233A,NHE4038
286,E28038212000602702ED2705,NAN3554
287,E28038212000602607C0D8BE,NHA2531
288,E28038212000602607C11679,NAP6181
289,E28038212000602702ED2480,NEP8411
290,E28038212000602702ED22D2,NEP7182
291,E28038212000602607C0CAD8,NEP4691
292,E28038212000602702ED254B,CDJ2360
293,E28038212000602702ED259D,NIN6443
294,E28038212000602702ED25A9,NFY2102
295,E28038212000602702ED25A7,NIN6897
296,E28038212000602607C0656E,NIK4258
297,E28038212000602702ED2394,NEA2252
298,E28038212000602607C0D877,NCG7896
299,E28038212000602607C17259,NAS2345
300,E28038212000602702ED241D,
301,E28038212000602702ED261D,
302,E28038212000602702ED1CBC,
303,E28038212000602702ED2716,NGL9762
304,E28038212000602702ED25BA,NHE6016
305,E28038212000602702ED2417,NAT3057
306,E28038212000602607C0D71D,NFJ4435
307,E28038212000602702ED26C2,NEM2128
308,E28038212000602702ED2416,NIK4170
309,E28038212000602702ED2346,CCO1707
310,E28038212000602702ED22F0,CDK1011
311,E28038212000602702ED24AA,NDZ5796
312,E28038212000602607C0CC75,NDO9744
313,E28038212000602702ED2609,APA5001
314,E28038212000602702ED2597,NAV1035
315,E28038212000602702ED25F1,NAP6191
316,E28038212000602702ED26DD,CBQ3437
317,E28038212000602702ED24C3,ABI9899
318,E28038212000602702ED23A2,NBG6682
319,E28038212000602607C0B389,CCB8242
320,E28038212000602607C12176,NGL4925
321,E28038212000602702ED25E2,NEM2627
322,E28038212000602607C0B391,NGS2340
323,E28038212000602702ED23BF,CXK641
324,E28038212000602702ED237E,NDR8997
325,E28038212000602702ED2090,NAN4907
326,E28038212000602702ED24AF,NFD8416
327,E28038212000602702ED229E,NEW7798
328,E28038212000602702ED234C,NCK1342
329,E28038212000602607C0860D,NIN6521
330,E28038212000602702ED2489,NAV7546
331,E28038212000602607C1086A,NCK9447
332,E28038212000602607C0D8CA,NBQ7679
333,E28038212000602702ED236E,NDR8996
334,E28038212000602702F2D0CE,NIB3933
335,E28038212000602607C0F08E,NIA1016
336,E28038212000602702ED22CC,NGP4397
337,E28038212000602607C05987,AAP9942
338,E28038212000602702ED2709,CAK1823
339,E28038212000602607C1217F,NBK4020
340,E28038212000602702ED2567,NAP6710
341,E28038212000602702ED23B2,NBK4017
342,E28038212000602607C08F1A,NFL1187
343,E28038212000602702ED23C7,NBK4018
344,E28038212000602702ED2430,CBP4031
345,E28038212000602702ED2333,NEM9140
346,E28038212000602702ED24A8,NEV8573
347,E28038212000602607C0BFD7,NAP6434
348,E28038212000602702ED2713,CAN5498
349,E28038212000602702ED231A,NFK5160
350,E28038212000602702F3560C,NGG8303
351,E28038212000602702F2E8A4,NHD3270
352,E28038212000602702ED246B,NAP6437
353,E28038212000602702ED265B,CCM9843
354,E28038212000602607C0F088,CBJ6897
355,E28038212000602607C0FC50,NEJ2331
356,E28038212000602702ED2572,NBQ5729
357,E28038212000602702ED23EE,ABK1044
358,E28038212000602702ED24B8,ABJ1426
359,E28038212000602702ED2379,NAG4679
360,E28038212000602702ED2735,
361,E28038212000602702ED2465,NGG3625
362,E28038212000602702F2DC55,NAB9347
363,E28038212000602607C12146,NDK5167
364,E28038212000602702ED2657,NBF8924
365,E28038212000602702F355FF,NBS6905
366,E28038212000602702ED26E3,NDM3215
367,E28038212000602607C0BFD4,NDK5166
368,E28038212000602607C0F045,NGB1289
369,E28038212000602702ED22EF,NEW7795
370,E28038212000602702ED22F7,NIJ8690
371,E28038212000602702ED2529,NDJ2366
372,E28038212000602702ED25E3,NEP4234
373,E28038212000602702ED23D9,NBT4941
374,E28038212000602702ED2720,NFD6385
375,E28038212000602702ED262F,ABS6772
376,E28038212000602702ED272D,NAP6185
377,E28038212000602702ED2384,CBQ6081
378,E28038212000602607C12D32,NDD6454
379,E28038212000602607C0F02B,NFU3939
380,E28038212000602702ED2476,NFY2382
381,E28038212000602702ED2759,NDH8847
382,E28038212000602702ED2A4D,NBK4016
383,E28038212000602702ED26EA,NAX8702
384,E28038212000602702ED26EF,PTO364
385,E28038212000602702ED22DF,PNQ446
386,E28038212000602702ED268B,NAM1194
387,E28038212000602702ED26FF,NBF5961
388,E28038212000602702F2E8F0,ABO8727
389,E28038212000602607C0B3C8,NAP6183
390,E28038212000602702ED2400,GAQ4628
391,E28038212000602607C0FCAF,NAR1248
392,E28038212000602607C07B19,CBP7326
393,E28038212000602607C07894,ABO1185
394,E28038212000602607C10868,NCJ7765
395,E28038212000602702ED2740,NBM1986
396,E28038212000602702ED2755,NBS6849
397,E28038212000602702ED23B6,RMX502
398,E28038212000602702ED22D3,NBM2009
399,E28038212000602702ED2619,NAD6682
400,E28038212000602702ED1F5C,NIG2877
401,E28038212000602702ED1D94,ARA7417
402,E28038212000602702ED25F7,CAS9444
403,E28038212000602702ED2473,NGP1687
404,E28038212000602702ED25BF,NGS7663
405,E28038212000602702F33152,NFP8856
406,E28038212000602702ED2ABD,NDM2086
407,E28038212000602607C0FC9C,NAF8322
408,E28038212000602607C1217C,NAR1292
409,E28038212000602702ED24F2,NHB9877
410,E28038212000602702ED2494,NIF2420
411,E28038212000602702ED22E4,AAJ1986
412,E28038212000602607C0F1DE,NEP1836
413,E28038212000602702ED2360,UOS739
414,E28038212000602607C0FC48,NHD1481
415,E28038212000602702ED275F,ABS2456
416,E28038212000602702ED255F,NAM1202
417,E28038212000602702ED2321,NEV4686
418,E28038212000602702ED2647,NDL9142
419,E28038212000602702ED1E80,NEX1970
420,E28038212000602607C12D31,CBQ1030
421,E28038212000602702ED2374,NCK1665
422,E28038212000602702F2DC5F,CBG1080
423,E28038212000602607C0A6A9,ABO1531
424,E28038212000602702ED266B,NDJ5139
425,E28038212000602607C1213A,NHE4078
426,E28038212000602702F2E8ED,CXL386
427,E28038212000602702ED2348,NEO5693
428,E28038212000602607C0FCA5,NIE2536
429,E28038212000602607C09AC8,NBG6684
430,E28038212000602702ED231B,NIF2419
431,E28038212000602702ED26BF,CCB9205
432,E28038212000602607C14F5B,NAO3975
433,E28038212000602702ED29C1,237813214
434,E28038212000602607C0CC7D,AQA6216
435,E28038212000602607C10877,WLQ438
436,E28038212000602702ED268E,NAP6458
437,E28038212000602702ED27C1,NBM3222
438,E28038212000602702ED2314,NBL4310
439,E28038212000602702ED1FE0,NAP6192
440,E28038212000602702ED2324,NBM1263
441,E28038212000602607C0D71F,ABI8679
442,E28038212000602702F3560A,NIK4168
443,E28038212000602607C0A817,NBM3224
444,E28038212000602702ED259B,NCK7755
445,E28038212000602702F2E8AB,CBP9158
446,E28038212000602702ED2317,NFY6455
447,E28038212000602607C0CDC7,NAO3971
448,E28038212000602702ED26F1,CBQ5203
449,E28038212000602702ED25BD,NBE7494
450,E28038212000602702ED213F,NDD6465
451,E28038212000602702F33DC3,CBP1311
452,E28038212000602702ED2244,ABT1739
453,E28038212000602607C091A7,NIL4788
454,E28038212000602702ED20B8,NAM1207
455,E28038212000602702ED2150,NFL1186
456,E28038212000602607C0C15C,NBQ5728
457,E28038212000602702ED270A,NEI3229
458,E28038212000602702ED1CDC,NAD6687
459,E28038212000602702ED274E,AAN7066
460,E28038212000602702ED24C2,NAH7158
461,E28038212000602702ED2695,NFY2383
462,E28038212000602702ED245A,NHE4852
463,E28038212000602702F33E12,NEX1971
464,E28038212000602607C0C161,NEG5387
465,E28038212000602607C11676,NIN6558
466,E28038212000602702ED20FF,CBJ7898
467,E28038212000602702ED2396,NDL7352
468,E28038212000602702ED2726,NFT3331
469,E28038212000602702ED1CF0,NAQ3431
470,E28038212000602607C07010,RHC983
471,E28038212000602607C04FE9,CXL394
472,E28038212000602702ED2481,NID7486
473,E28038212000602607C143BB,CCB7165
474,E28038212000602702ED2539,NBE9476
475,E28038212000602702ED205F,NFS9021
476,E28038212000602607C17254,ABO8730
477,E28038212000602702ED1FD7,CAK7293
478,E28038212000602607C15AD0,AAQ9704
479,E28038212000602702ED1FCF,NCI2473
480,E28038212000602607C0CC22,NCI9455
481,E28038212000602607C1725A,CAH6608
482,E28038212000602702ED25DE,NBQ5730
483,E28038212000602607C091AA,NHE4862
484,E28038212000602702ED2345,NIK4260
485,E28038212000602702ED2795,NFT1152
486,E28038212000602702ED24DE,NEP1591
487,E28038212000602702ED2329,NAT3062
488,E28038212000602702ED25AD,NCE1406
489,E28038212000602702ED232A,NIB4198
490,E28038212000602702ED21C0,AAQ7694
491,E28038212000602607C11394,CAK4701
492,E28038212000602702ED2108,UCU667
493,E28038212000602702ED22DA,NBK6425
494,E28038212000602702ED24C6,NGA9181
495,E28038212000602607C11FE8,CAD5097
496,E28038212000602702ED213B,NIL4534
497,E28038212000602702ED23EB,NDZ5794
498,E28038212000602702ED2571,NIL4784
499,E28038212000602702ED25CA,NBS6907
500,E28038212000602702ED25D9,NBH2499
501,E28038212000602702ED22ED,NDJ5136
502,E28038212000602607C1086B,NEG2451
503,E28038212000602702ED2033,NAK9390
504,E28038212000602702ED2446,NBB1832
505,E28038212000602607C0FB05,NAT3058
506,E28038212000602702ED1F93,NEJ1095
507,E28038212000602702ED1D7C,NAM1184
508,E28038212000602702ED24A5,ABO8728
509,E28038212000602607C0BFC9,CBB2011
510,E28038212000602607C09D71,NAT3064
511,E28038212000602607C037A8,CAL9661
512,E28038212000602702ED260D,CCB8892
513,E28038212000602702ED265A,CAD6276
514,E28038212000602702ED22A9,NIK4799
515,E28038212000602607C083A8,NEJ2351
516,E28038212000602702ED2475,NAM1198
517,E28038212000602702F33DC1,NAT3072
518,E28038212000602702ED1D70,NAT3070
519,E28038212000602702ED2064,NGP6835
520,E28038212000602702ED2786,NAM1192
521,E28038212000602607C17C90,NAM1193
522,E28038212000602702F2E8EF,ABO8976
523,E28038212000602702ED2752,CBQ9904
524,E28038212000602702ED2691,ABT1736
525,E28038212000602702ED22B7,NCZ6916
526,E28038212000602702ED235B,NAE4406
527,E28038212000602607C108BD,NDD7008
528,E28038212000602607C11674,CBS5209
529,E28038212000602702ED209B,CAN4851
530,E28038212000602702F2DC56,NAT3071
531,E28038212000602702ED22FA,XAN773
532,E28038212000602607C0BFE6,NIO4009
533,E28038212000602702ED22B3,NFY3825
534,E28038212000602702ED2736,ABO1535
535,E28038212000602702ED269A,NDN7914
536,E28038212000602702ED2717,NBR2695
537,E28038212000602702ED2625,NBI7005
538,E28038212000602607C0FB01,NDZ2301
539,E28038212000602702ED270E,NEP1835
540,E28038212000602607C0E481,JAG8791
541,E28038212000602702F33DD0,NAV1034
542,E28038212000602702ED2482,NBL1830
543,E28038212000602702ED2331,NGU7959
544,E28038212000602607C05154,CBA2201
545,E28038212000602702ED2682,NCK9044
546,E28038212000602702F33E1A,NDM5048
547,E28038212000602702ED2498,NAM1209
548,E28038212000602702ED29A5,CBF4810
549,E28038212000602702ED2696,NDP3633
550,E28038212000602702ED2649,NBE9495
551,E28038212000602702ED25AF,NEX1969
552,E28038212000602702ED2358,CDK2679
553,E28038212000602702ED25D5,NAW4379
554,E28038212000602702F2D0AC,NIC8347
555,E28038212000602702ED21F4,NBR4526
556,E28038212000602702ED2519,CBQ5960
557,E28038212000602702ED23A7,NDZ2267
558,E28038212000602607C09D74,ABE3363
559,E28038212000602702ED2747,NDG3323
560,E28038212000602607C0A6A3,NFY7686
561,E28038212000602702ED20E7,NDL7346
562,E28038212000602702ED26A2,CAP6043
563,E28038212000602702ED24DB,NAW4385
564,E28038212000602607C07014,NFT1195
565,E28038212000602702ED27E5,
566,E28038212000602607C0FCAA,NBG6675
567,E28038212000602702F361E1,CBF3684
568,E28038212000602607C0EF0C,CAN8324
569,E28038212000602702F355DD,NEM4616
570,E28038212000602607C091AD,CAQ1917
571,E28038212000602607C09ACA,NEP5378
572,E28038212000602702ED26BA,NGX4030
573,E28038212000602702ED266A,NAP6766
574,E28038212000602702ED1CFC,NFY7244
575,E28038212000602702ED22A1,NAJ4588
576,E28038212000602702ED267F,NEI7107
577,E28038212000602702ED254D,XJA478
578,E28038212000602607C04FEB,NIB4804
579,E28038212000602702F34A24,NCE1457
580,E28038212000602702ED2521,CBA1590
581,E28038212000602702ED1DF0,CBS2021
582,E28038212000602702ED2327,NBM1979
583,E28038212000602607C17C91,NIK4700
584,E28038212000602702ED1F64,CDJ3725
585,E28038212000602702ED260F,NBH7454
586,E28038212000602702F2C4C4,NBS6908
587,E28038212000602607C0E4EB,NEV3202
588,E28038212000602702ED2441,NGJ8865
589,E28038212000602702F2C4B8,NFD5192
590,E28038212000602607C0DA11,NAW4294
591,E28038212000602702ED273E,NDR9001
592,E28038212000602702ED22F3,NGT9277
593,E28038212000602702ED2004,NAT8165
594,E28038212000602607C0C01B,CBQ7578
595,E28038212000602607C0CDC4,RFZ767
596,E28038212000602607C037A6,RJT551
597,E28038212000602702ED26DF,MAS2827
598,E28038212000602702ED239D,WKQ887
599,E28038212000602702ED2769,NAT3073
600,E28038212000602702F2DCA1,CAN7904
601,E28038212000602702ED271F,XKD336
602,E28038212000602607C07018,NBG4568
603,E28038212000602702ED2024,NGK1296
604,E28038212000602607C0FDF4,NEG1871
605,E28038212000602702ED2426,UFJ898
606,E28038212000602702ED1FD4,NHF9079
607,E28038212000602607C13927,CAG5331
608,E28038212000602702ED2569,ATA7122
609,E28038212000602607C08F27,NCE1477
610,E28038212000602607C09AC9,CAF4125
611,E28038212000602702ED2410,CAJ6284
612,E28038212000602702ED2509,CAE2396
613,E28038212000602702ED22CF,AAV4339
614,E28038212000602702ED2496,243625546
615,E28038212000602702ED264E,NGB4785
616,E28038212000602702ED22AF,CNS475
617,E28038212000602607C083AD,AQA7165
618,E28038212000602607C037AA,RHK922
619,E28038212000602607C0D727,NBH7518
620,E28038212000602702ED24ED,CDJ5417
621,E28038212000602702ED22D5,ARA5814
622,E28038212000602607C0B268,CDJ3735
623,E28038212000602607C0F035,CXR896
624,E28038212000602607C03EE5,CBQ9902
625,E28038212000602702ED23C2,CMV718
626,E28038212000602607C0A960,ABO2978
627,E28038212000602702ED211F,RML370
628,E28038212000602702ED1FEC,RNK829
629,E28038212000602607C03EDC,RGV122
630,E28038212000602702F2C4B7,UDV899
631,E28038212000602702ED23B0,DCQ5862
632,E28038212000602702ED2562,ABO1239
633,E28038212000602702ED22BB,CAR2854
634,E28038212000602702ED2343,UFF898
635,E28038212000602702ED2479,REU512
636,E28038212000602702ED234E,237807953
637,E28038212000602702ED2665,NBG6680
638,E28038212000602702ED22A2,NAD6685
639,E28038212000602702ED23E7,NCG7897
640,E28038212000602702F2C4C3,NDR9004
641,E28038212000602702ED24DA,RHD297
642,E28038212000602607C05B23,NIK4167
643,E28038212000602607C0E33D,AAN1742
644,E28038212000602702ED2651,NII4033
645,E28038212000602702ED21A0,CAY9688
646,E28038212000602702ED20E4,ABJ1428
647,E28038212000602607C03EDF,NBL1843
648,E28038212000602607C1706F,CAD4944
649,E28038212000602702ED2675,CBB4530
650,E28038212000602702F355E6,CAY4426
651,E28038212000602702ED2421,NIM5182
652,E28038212000602702ED1E20,NAW4377
653,E28038212000602702F355DA,ABT1711
654,E28038212000602702ED266E,TXT441
655,E28038212000602607C10A10,NAW9946
656,E28038212000602702ED24E6,TVM961
657,E28038212000602702ED2653,NAN5776
658,E28038212000602607C0BE80,ZHF543
659,E28038212000602702ED2669,BAE6908
660,E28038212000602702ED22BA,CCO7724
661,E28038212000602702ED246F,NAY1077
662,E28038212000602607C19EDA,CAZ1269
663,E28038212000602607C14505,NGK7311
664,E28038212000602702ED2305,ABO8722
665,E28038212000602702ED1FC0,NBM9830
666,E28038212000602702ED26C7,NCE1278
667,E28038212000602702ED272F,NAP6774
668,E28038212000602702ED2130,NBK6429
669,E28038212000602702ED2363,NEG3156
670,E28038212000602702ED234D,NAP6457
671,E28038212000602702ED26A6,ABO1533
672,E28038212000602702ED2010,ABG6340
673,E28038212000602702ED240C,CAM2299
674,E28038212000602702ED259F,CAG6004
675,E28038212000602702ED1D78,CAP5418
676,E28038212000602702ED2659,CAK9060
677,E28038212000602702ED23CF,ABG5417
678,E28038212000602702ED258E,JAT5733
679,E28038212000602702ED262E,CBJ9663
680,E28038212000602702ED256E,NAW9572
681,E28038212000602702ED2392,CAC9691
682,E28038212000602702ED2353,NAN5777
683,E28038212000602702ED235D,BCL6204
684,E28038212000602702ED25DF,CAH6619
685,E28038212000602702ED25A3,NCB106
686,E28038212000602607C167B9,NDR6909
687,E28038212000602607C10A11,WFC776
688,E28038212000602607C09D72,CAC4542
689,E28038212000602607C05158,CTT461
690,E28038212000602702F33E14,RLE375
691,E28038212000602607C08F11,NHH4263
692,E28038212000602702ED24E2,RHL380
693,E28038212000602702ED200B,CXM321
694,E28038212000602702F331B0,CCO4424
695,E28038212000602702ED268D,RJU820
696,E28038212000602702ED2295,ABJ9025
697,E28038212000602702ED26AD,RLX993
698,E28038212000602607C0FCAB,AFA8547
699,E28038212000602702ED23C3,CDJ4791
700,E28038212000602702ED2731,CBQ7883
701,E28038212000602702ED26E0,NBJ6898
702,E28038212000602702ED1F08,NBI6729
703,E28038212000602607C19EE4,CXU161
704,E28038212000602702ED24D3,CBJ9666
705,E28038212000602607C18622,CAJ2950
706,E28038212000602702ED2419,NEO5270
707,E28038212000602607C0A6AE,NAU9995
708,E28038212000602702ED255A,CCB9315
709,E28038212000602607C0480A,CDX814
710,E28038212000602607C0FB00,PMG482
711,E28038212000602702ED1E04,NHF3421
712,E28038212000602702ED2631,JAG8731
713,E28038212000602702ED21A3,CBJ9478
714,E28038212000602702ED2037,PLX394
715,E28038212000602702F2E8A3,NBL1831
716,E28038212000602702ED1FF4,CBQ5463
717,E28038212000602702ED2779,NAP7367
718,E28038212000602607C10878,ABO1532
719,E28038212000602702ED24D5,BCS243
720,E28038212000602702ED23C6,CBA5117
721,E28038212000602607C143B3,MGF151
722,E28038212000602607C11525,UJS495
723,E28038212000602702ED2170,CXR876
724,E28038212000602702ED24F5,NCE1376
725,E28038212000602702ED24C5,CXR779
726,E28038212000602607C18E1B,ERI999
727,E28038212000602607C0C15D,NFZ6790
728,E28038212000602702ED245E,NES1222
729,E28038212000602702ED22E6,CAG6025
730,E28038212000602702ED23F5,WQB884
731,E28038212000602607C0C014,NAO3972
732,E28038212000602702ED272B,NAP6194
733,E28038212000602702ED2351,NAO3974
734,E28038212000602607C07ABE,AAV6698
735,E28038212000602702F34A1D,RNC831
736,E28038212000602607C0F03D,NAN4928
737,E28038212000602607C114EF,NCE1372
738,E28038212000602607C06567,CXV654
739,E28038212000602702F2D0AF,RDL389
740,E28038212000602607C0D860,RND203
741,E28038212000602702ED271B,CBR9811
742,E28038212000602607C0F092,KAE5498
743,E28038212000602607C03EE7,ABD1125
744,E28038212000602607C0CC2A,AHA7356
745,E28038212000602607C07ABD,NBG9181
746,E28038212000602702ED2582,CBQ5571
747,E28038212000602702ED252D,NAD8314
748,E28038212000602702F331A7,ACN9754
749,E28038212000602702ED2679,PDF198
750,E28038212000602702ED1F18,NBJ8224
751,E28038212000602607C09ADC,NCX8262
752,E28038212000602607C0E4E4,UHZ346
753,E28038212000602702F33E1B,NEG6065
754,E28038212000602702ED2028,ABB5742
755,E28038212000602607C06382,NEX9831
756,E28038212000602607C0A814,HCD567
757,E28038212000602702F2F511,CBR4040
758,E28038212000602702ED2561,CBA2578
759,E28038212000602702F2E8FB,NDM2794
760,E28038212000602702ED238D,AMA1185
761,E28038212000602702ED23D0,TAY910
762,E28038212000602607C11533,CNE726
763,E28038212000602702ED238F,NEV2793
764,E28038212000602702ED2756,CBR4039
765,E28038212000602607C1152B,NID1355
766,E28038212000602702ED1FB0,NCI8614
767,E28038212000602702ED273F,RGJ982
768,E28038212000602702ED2452,CAT3538
769,E28038212000602702ED25FB,UOX795
770,E28038212000602702ED25FD,CAJ9293
771,E28038212000602702ED255D,RNV827
772,E28038212000602702ED2692,NBK3940
773,E28038212000602702ED2A1D,ABK2548
774,E28038212000602702ED1DA8,AAV5105
775,E28038212000602702ED2642,NAM1155
776,E28038212000602702ED261F,CXR867
777,E28038212000602702F34A55,CBF1929
778,E28038212000602607C09ACB,NBA9633
779,E28038212000602702ED24BC,NBD7593
780,E28038212000602607C137DE,NAM3677
781,E28038212000602607C0CADB,NCZ4419
782,E28038212000602607C0D724,NDO1609
783,E28038212000602702ED2541,NCZ4512
784,E28038212000602702ED2406,WJK679
785,E28038212000602607C0D8C7,NHF3422
786,E28038212000602607C0A81A,NBM8142
787,E28038212000602607C08F18,NIO4011
788,E28038212000602702ED2637,NGP9166
789,E28038212000602607C1393D,RDH728
790,E28038212000602607C0C169,NBM3261
791,E28038212000602607C0D863,RJT483
792,E28038212000602702ED22C2,ABF3048
793,E28038212000602702ED24D1,NCZ6915
794,E28038212000602607C0A7FB,MBE5205
795,E28038212000602607C03FA0,CBR5089
796,E28038212000602702ED2535,NDM1283
797,E28038212000602607C0FC4A,
798,E28038212000602702ED2815,CBF4813
799,E28038212000602607C0A968,
800,E28038212000602607C0CDC6,NIU1371
801,E28038212000602702ED26DE,UQK831
802,E28038212000602702ED2767,NII5548
803,E28038212000602702ED25A2,NAK9328
804,E28038212000602702ED202C,
805,E28038212000602702ED2636,NBJ6862
806,E28038212000602702ED26FD,KAM4682
807,E28038212000602607C0BFD3,WMQ377
808,E28038212000602702ED261B,NCE1373
809,E28038212000602607C06384,CBA1883
810,E28038212000602607C10875,NAI8776
811,E28038212000602702ED2030,KAR4304
812,E28038212000602607C07890,CAF7524
813,E28038212000602702ED25AB,NFG2402
814,E28038212000602702F2D0D3,CAE5145
815,E28038212000602607C10869,NBC7127
816,E28038212000602702ED2596,CAU6714
817,E28038212000602702F3315A,JAR4109
818,E28038212000602702ED23B5,RMN554
819,E28038212000602702ED26C9,ABO1243
820,E28038212000602607C06564,NDY6664
821,E28038212000602607C0FB0F,NAW5237
822,E28038212000602702ED2461,NGL7918
823,E28038212000602702ED2018,CAP1439
824,E28038212000602607C15AD2,RKN267
825,E28038212000602702ED244F,CBP2835
826,E28038212000602702ED25C6,NFD9029
827,E28038212000602702ED2575,KAJ6564
828,E28038212000602702ED25A5,PFY206
829,E28038212000602607C0F1DD,NES8341
830,E28038212000602702ED1EC0,CBF1882
831,E28038212000602702ED2556,CXR732
832,E28038212000602702F2C4A4,CXJ858
833,E28038212000602702ED1E58,AHA9425
834,E28038212000602702ED249E,NAM1160
835,E28038212000602607C0DA12,RFU905
836,E28038212000602702ED264D,NAG1687
837,E28038212000602702ED2611,NDJ3746
838,E28038212000602607C0E497,ABS2429
839,E28038212000602702ED2362,NAM1161
840,E28038212000602702ED26F9,NAV7518
841,E28038212000602607C05163,RFV173
842,E28038212000602702ED2622,NBK3946
843,E28038212000602702ED24CA,ABC7867
844,E28038212000602702ED24B2,CXU215
845,E28038212000602702ED22FB,KAN9596
846,E28038212000602702ED2733,NAM1188
847,E28038212000602702ED2745,NFD5838
848,E28038212000602607C03EE4,CPH631
849,E28038212000602702ED2319,RNJ345
850,E28038212000602702F34A1B,PDB125
851,E28038212000602702ED2772,RHG351
852,E28038212000602607C08608,TXT529
853,E28038212000602702ED203F,CAH9703
854,E28038212000602702ED20CF,NEV9874
855,E28038212000602702ED216F,NEV4007
856,E28038212000602607C137D0,KAE6838
857,E28038212000602702F355DE,PSH596
858,E28038212000602702ED24F1,CTB308
859,E28038212000602702ED2193,BAA2005
860,E28038212000602702ED24E9,WIV272
861,E28038212000602702ED240A,ULW941
862,E28038212000602702ED1D74,RJY133
863,E28038212000602607C0BE79,ARA3992
864,E28038212000602607C17C88,NDE4243
865,E28038212000602607C0F1D7,NBQ2193
866,E28038212000602702F35602,CXR778
867,E28038212000602702ED2003,NHF7702
868,E28038212000602702ED1F34,NAW4290
869,E28038212000602702ED242E,237813225
870,E28038212000602607C0E62C,CBS1200
871,E28038212000602702ED248F,CBP9584
872,E28038212000602702ED26CA,NGX7884
873,E28038212000602607C14652,NAD6686
874,E28038212000602607C08F12,CBR5259
875,E28038212000602607C12BEC,341553015
876,E28038212000602607C0860E,PSH756
877,E28038212000602607C07ABB,XLB784
878,E28038212000602607C0A6A1,RLY428
879,E28038212000602702ED2660,NAM1154
880,E28038212000602702ED22D6,CAG1448
881,E28038212000602702ED207C,NDN9596
882,E28038212000602702ED2153,CXR780
883,E28038212000602607C0A6AB,GAT4403
884,E28038212000602702ED23AF,NCK5323
885,E28038212000602702ED1FFC,NFD5836
886,E28038212000602607C05162,NGF6559
887,E28038212000602702ED25FF,CDJ9741
888,E28038212000602702ED2469,NAI8786
889,E28038212000602702ED24BD,CAE4879
890,E28038212000602702F34A1E,CAM2295
891,E28038212000602702ED26F2,NAZ2757
892,E28038212000602607C0D726,NGT5510
893,E28038212000602702ED2124,NBK3947
894,E28038212000602702ED1D84,CAC8644
895,E28038212000602607C08607,NAS2811
896,E28038212000602607C05B1F,NBQ7984
897,E28038212000602607C10A19,CXR873
898,E28038212000602702ED22F9,NDZ4742
899,E28038212000602607C1072F,RMA902
900,E28038212000602607C030A3,NBS7287
901,E28038212000602702ED22CD,JAT2863
902,E28038212000602607C17AD5,RCW605
903,E28038212000602607C0597A,CAN7015
904,E28038212000602702F2D0C7,NAX6856
905,E28038212000602607C0D719,BAA2004
906,E28038212000602607C06E1F,NEU2204
907,E28038212000602702ED21E4,NDZ4741
908,E28038212000602607C04704,CBJ8117
909,E28038212000602607C14650,CAM5143
910,E28038212000602702F2E8AC,NCZ4500
911,E28038212000602702ED2187,PHI424
912,E28038212000602702ED233D,CAB3457
913,E28038212000602702ED2412,NAI8781
914,E28038212000602702ED26E2,CBQ2468
915,E28038212000602702ED23C5,CBR4187
916,E28038212000602607C091AF,CBS2584
917,E28038212000602702ED26B9,
918,E28038212000602702ED275B,PRN909
919,E28038212000602702ED2365,CAG5285
920,E28038212000602607C0D725,MGE224
921,E28038212000602702F2D0D0,NEO1007
922,E28038212000602607C14649,NAN3556
923,E28038212000602702F2DC9A,NBS7025
924,E28038212000602702ED1F48,ICC8334
925,E28038212000602702ED2114,NCD5597
926,E28038212000602702ED2078,KAQ9020
927,E28038212000602702ED1DC0,AWA3412
928,E28038212000602702ED2325,AAT2170
929,E28038212000602607C0860A,WFA242
930,E28038212000602702ED2057,JAR5479
931,E28038212000602607C08F1B,CBR8965
932,E28038212000602702ED2445,CAA9973
933,E28038212000602702ED1DE0,NGG9142
934,E28038212000602607C18E11,RGU347
935,E28038212000602702ED1E7C,NGB6659
936,E28038212000602702ED202F,CXR828
937,E28038212000602702ED2188,NEG1741
938,E28038212000602702ED247F,NEW5638
939,E28038212000602702ED22DE,WIG421
940,E28038212000602702ED2322,NAX9921
941,E28038212000602702ED217C,CXR870
942,E28038212000602607C137DF,PSH556
943,E28038212000602607C11FF0,RGA468
944,E28038212000602702ED26C5,CBP7341
945,E28038212000602607C0E338,NBK6422
946,E28038212000602607C1139C,CCE3911
947,E28038212000602702ED2381,NBD7601
948,E28038212000602607C0BE8C,AAT4734
949,E28038212000602607C17C93,THF401
950,E28038212000602702ED25EE,CAM8473
951,E28038212000602607C15D24,NAI8775
952,E28038212000602607C0CAED,NHB8518
953,E28038212000602702ED25CE,NCK6406
954,E28038212000602607C06386,BVS970
955,E28038212000602702ED21C8,RJR883
956,E28038212000602702ED2727,NEM3639
957,E28038212000602702ED1D38,RAK495
958,E28038212000602607C0CDC2,AFA7562
959,E28038212000602702ED21EC,NBS6855
960,E28038212000602702F355E0,CAM7850
961,E28038212000602702F2C4AC,CAP8198
962,E28038212000602702ED1DA4,NAP6436
963,E28038212000602702ED26B4,CBN6081
964,E28038212000602702ED2375,NEW3321
965,E28038212000602702F33DFE,NDY6655
966,E28038212000602702ED24E5,MBF5143
967,E28038212000602702ED23A8,NCY3392
968,E28038212000602702ED253D,NBD9230
969,E28038212000602607C0FC55,UFQ565
970,E28038212000602607C0DA14,RKD237
971,E28038212000602702ED20C7,CXU212
972,E28038212000602607C0309F,AWA2862
973,E28038212000602702ED2579,CAG4606
974,E28038212000602702ED23A3,CBN4005
975,E28038212000602702ED26D3,ABK7901
976,E28038212000602702ED20A3,PJD362
977,E28038212000602702ED22AA,NIB1840
978,E28038212000602702ED26CB,NGL6696
979,E28038212000602702ED2339,CAL2623
980,E28038212000602702ED2673,CBS4534
981,E28038212000602702ED1FF0,NGF9439
982,E28038212000602607C10A1B,cr. 237795622
983,E28038212000602607C12D3B,ZJG308
984,E28038212000602702F34A20,RCH431
985,E28038212000602607C0DA15,NDM7962
986,E28038212000602607C0BFCA,KAO8815
987,E28038212000602702ED230E,NFT3708
988,E28038212000602702F33154,YJR951
989,E28038212000602702F2DC90,NFY5936
990,E28038212000602702ED24BE,CXR798
991,E28038212000602702F3315C,TDN763
992,E28038212000602702ED271C,CXV690
993,E28038212000602702ED23C0,NCK7930
994,E28038212000602702ED1E24,CAB3145
995,E28038212000602607C12D39,CAP1982
996,E28038212000602607C114DA,
997,E28038212000602702F2C4A3,CTX708
998,E28038212000602607C1393C,RCY937
999,E28038212000602607C19EDB,WMQ411
1000,E28038212000602702ED1CB8,NHB8517
1001,E28038212000602607C15ACB,CBS7126
1002,E28038212000602702ED242A,NAQ9707
1003,E28038212000602702ED1E34,NGA6078
1004,E28038212000602702F33E13,LZZPCJVCSPJ281943
1005,E28038212000602607C0BE8E,RNH786
1006,E28038212000602607C18623,NAT8182
1007,E28038212000602607C06E0B,NAW9540
1008,E28038212000602702ED2401,RMX801
1009,E28038212000602702ED203B,AB651A
1010,E28038212000602702ED2289,CBT3305
1011,E28038212000602702ED1DC8,RNB931
1012,E28038212000602607C083A9,CBE1815
1013,E28038212000602607C06383,GAT4407
1014,E28038212000602702ED242F,NAG4427
1015,E28038212000602702F33153,CBN2891
1016,E28038212000602702ED25B9,
1017,E28038212000602702ED22EA,WNV515
1018,E28038212000602702ED218F,NBF7276
1019,E28038212000602702ED22F2,NCK3001
1020,E28038212000602607C07AB6,NEG4203
1021,E28038212000602702ED233E,AWA3824
1022,E28038212000602702ED20D4,UFS287
1023,E28038212000602607C09D78,NCF8566
1024,E28038212000602702ED2462,NEG4209
1025,E28038212000602702ED249D,NDL7349
1026,E28038212000602607C0CAD9,NGG6817
1027,E28038212000602607C0E346,AEE2156
1028,E28038212000602702ED1EA0,NBM9827
1029,E28038212000602607C17C8B,NEP4504
1030,E28038212000602702ED23FA,NHH4264
1031,E28038212000602702F33DC4,CBF2511
1032,E28038212000602702ED26EB,NBM1981
1033,E28038212000602702ED1EA4,NCK6409
1034,E28038212000602702ED2427,CAJ2532
1035,E28038212000602702ED1CC4,NAI7047
1036,E28038212000602702ED24B3,BCL6272
1037,E28038212000602607C091AB,NOE682
1038,E28038212000602702ED2487,CBP4367
1039,E28038212000602702ED267A,NDQ9391
1040,E28038212000602702ED23DB,NEI1047
1041,E28038212000602702ED2127,NAK9753
1042,E28038212000602702ED25D7,CAY3777
1043,E28038212000602702ED23B3,CAD5961
1044,E28038212000602702ED217F,CAN6264
1045,E28038212000602702ED2656,NFT3711
1046,E28038212000602702ED2080,NEG6077
1047,E28038212000602607C06566,NIB2732
1048,E28038212000602702ED21DC,ABG8051
1049,E28038212000602702ED2190,RJP497
1050,E28038212000602702ED257D,CCO4521
1051,E28038212000602607C10726,CBQ9505
1052,E28038212000602607C09AD1,CCO3759
1053,E28038212000602702ED2098,ABG8056
1054,E28038212000602702F2D0C6,NAR5106
1055,E28038212000602702ED1CE4,234744495
1056,E28038212000602702ED2312,CAB3181
1057,E28038212000602702F34A23,TDK691
1058,E28038212000602702ED26E5,CAS5116
1059,E28038212000602702ED23BD,NGU5128
1060,E28038212000602702ED2710,NDB2719
1061,E28038212000602702ED25C7,MGE650
1062,E28038212000602702ED26B6,NCK2344
1063,E28038212000602702ED23D5,ABS2428
1064,E28038212000602702ED2AAD,TQQ701
1065,E28038212000602702ED2697,NBJ3407
1066,E28038212000602702ED237C,CXU518
1067,E28038212000602702ED23D6,WQW184
1068,E28038212000602702F2DC99,CBB4086
1069,E28038212000602607C03757,CXU216
1070,E28038212000602607C0E33B,RCL662
1071,E28038212000602702ED24B5,AFA7673
1072,E28038212000602607C0FDFA,NCZ9166
1073,E28038212000602702ED244D,CCN1222
1074,E28038212000602702ED2094,ABJ8724
1075,E28038212000602702ED243D,RAK854
1076,E28038212000602702ED244A,XMW308
1077,E28038212000602607C0CDC1,ALA8669
1078,E28038212000602702ED20C4,RHE644
1079,E28038212000602702ED244B,KAJ3555
1080,E28038212000602607C0CDCB,NFG3759
1081,E28038212000602702ED268A,THK159
1082,E28038212000602702ED2661,CR# 330579255
1083,E28038212000602702F355DB,AAK7676
1084,E28038212000602607C1A64D,AWA5861
1085,E28038212000602702ED2592,CXU225
1086,E28038212000602702ED2711,WLF220
1087,E28038212000602702ED2499,CXU557
1088,E28038212000602702F2DCA4,CBT1604
1089,E28038212000602702ED1D28,CXN625
1090,E28038212000602607C0B397,NBG9377
1091,E28038212000602702ED2829,WIS270
1092,E28038212000602702ED1F3C,CAI4342
1093,E28038212000602702ED2309,APA6244
1094,E28038212000602702ED22FF,RMB542
1095,E28038212000602702ED2397,386221844
1096,E28038212000602702ED2048,NKI6395
1097,E28038212000602702ED2A89,CDK5420
1098,E28038212000602702ED241F,284071421
1099,E28038212000602702ED1E48,NHE5426
1100,E28038212000602607C09D75,DAF6642
1101,E28038212000602702ED2672,WIS278
1102,E28038212000602702ED2060,UVF665
1103,E28038212000602607C09ADE,REJ558
1104,E28038212000602607C06571,NAZ4695
1105,E28038212000602607C0638D,ABJ4636
1106,E28038212000602702ED218C,CAS288
1107,E28038212000602702ED22DD,NBK4033
1108,E28038212000602607C0F1DB,AAV5743
1109,E28038212000602702ED21AC,CAP1611
1110,E28038212000602607C0CAEF,CAB3439
1111,E28038212000602702ED1D08,CCN3571
1112,E28038212000602702ED1EBC,CAH9701
1113,E28038212000602607C19EE7,JAB2466
1114,E28038212000602607C0E345,TPF569
1115,E28038212000602702ED2369,CR#329481482
1116,E28038212000602702ED20BC,NBS1183
1117,E28038212000602607C0480B,NKI6396
1118,E28038212000602607C184C3,CAH8738
1119,E28038212000602702ED2123,CR#2884071314
1120,E28038212000602702ED1ED4,NIL4573
1121,E28038212000602702ED21C4,NHF8972
1122,E28038212000602702F34A50,AAP9944
1123,E28038212000602607C05986,NGX7883
1124,E28038212000602607C18F4C,WEI980
1125,E28038212000602702ED2791,KAM4254
1126,E28038212000602607C184C1,NDF3191
1127,E28038212000602702ED1D6C,NCI9456
1128,E28038212000602702ED2144,ABT1773
1129,E28038212000602702ED246E,24406
1130,E28038212000602607C0656F,NIG3322
1131,E28038212000602702ED2063,NAT8649
1132,E28038212000602702ED1D18,DAF6641
1133,E28038212000602607C0CADA,NDG3325
1134,E28038212000602702ED208C,AAI8110
1135,E28038212000602607C14F58,NDR6908
1136,E28038212000602607C1A654,NEG3766
1137,E28038212000602607C08F26,NAM1204
1138,E28038212000602702ED265D,TOV312
1139,E28038212000602702ED21CC,CXV666
1140,E28038212000602607C0B50D,ABA9550
1141,E28038212000602702ED20FB,WEI532
1142,E28038212000602702ED20CB,ABO2628
1143,E28038212000602607C0C16B,CR# 284071325
1144,E28038212000602702ED1FAC,ABO1355
1145,E28038212000602607C19F5A,WIS268
1146,E28038212000602702ED1ED0,CCN8468
1147,E28038212000602702F355E3,DAF6643
1148,E28038212000602702ED201B,CAN5974
1149,E28038212000602702ED2087,NAT8667
1150,E28038212000602702ED2456,2804071410
1151,E28038212000602702ED21B8,AAV6322
1152,E28038212000602702ED1CB0,KAJ1782
1153,E28038212000602607C17256,JAC6154
1154,E28038212000602607C0E33E,284071432
1155,E28038212000602607C167B7,284071351
1156,E28038212000602702ED20DC,NAO3304
1157,E28038212000602702ED20B0,ABC7869
1158,E28038212000602702ED2164,UOQ658
1159,E28038212000602702ED1DEC,NHH9063
1160,E28038212000602702ED26D1,MAD8115
1161,E28038212000602702ED2133,JDO2167
1162,E28038212000602607C0FDF5,RKY962
1163,E28038212000602607C0CDCA,CBD6007
1164,E28038212000602702ED1EC8,CBB2961
1165,E28038212000602702ED2044,NIL4572
1166,E28038212000602607C0C15E,JDO6353
1167,E28038212000602702ED20AF,TNN343
1168,E28038212000602702ED206C,PNT509
1169,E28038212000602702ED1D30,CAG3476
1170,E28038212000602607C05B1E,NIB2733
1171,E28038212000602702ED2077,NBL9720
1172,E28038212000602702ED2160,NHE2925
1173,E28038212000602702ED1DCC,DAF6644
1174,E28038212000602702ED1E08,WMM843
1175,E28038212000602702ED2706,CXP401
1176,E28038212000602607C0E344,AAP9946
1177,E28038212000602702ED1F54,PHI377
1178,E28038212000602607C0F1DA,NFG5126
1179,E28038212000602607C19793,WMQ477
1180,E28038212000602607C1072E,CBB2635
1181,E28038212000602702ED1D50,34002
1182,E28038212000602607C167B6,NEW8796
1183,E28038212000602702ED2154,NAM3536
1184,E28038212000602702ED2093,AVA3556
1185,E28038212000602702ED1FEF,CAY1134
1186,E28038212000602702ED23CA,NIU1362
1187,E28038212000602607C11FF2,CBN4843
1188,E28038212000602702ED20A0,NAM1195
1189,E28038212000602607C13A88,TLS556
1190,E28038212000602702ED2702,NFY1306
1191,E28038212000602702ED20F8,ADF319
1192,E28038212000602607C0CAE4,CTG121
1193,E28038212000602607C08606,NAS1704
1194,E28038212000602607C0CAE6,34010
1195,E28038212000602607C1862B,NDM1281
1196,E28038212000602702ED23BC,GDF494
1197,E28038212000602702ED20E3,ABG8052
1198,E28038212000602607C17AD7,CBB4503
1199,E28038212000602607C0DA17,PNM234
1200,E28038212000602702F2DC9B,NHE5161
1201,E28038212000602702ED2442,AAP9945
1202,E28038212000602607C17064,NEW4679
1203,E28038212000602607C04FF4,ALA7301
1204,E28038212000602702ED204F,CAH7297
1205,E28038212000602607C07B1A,DAF6645 
1206,E28038212000602607C1862A,NBT8836
1207,E28038212000602702ED209C,NAZ2711
1208,E28038212000602702ED24CE,CBT3308
1209,E28038212000602702ED2210,ABG8050
1210,E28038212000602702ED20A7,ABI5278
1211,E28038212000602607C05159,CAZ7119
1212,E28038212000602702ED1EB4,UIM223
1213,E28038212000602607C184B9,NHF3750
1214,E28038212000602702F35609,ABF3059
1215,E28038212000602607C1978E,BBF688
1216,E28038212000602607C0B50F,NAZ4605
1217,E28038212000602607C0A6A2,CBL8013
1218,E28038212000602702ED23AE,NFY1305
1219,E28038212000602607C18E10,NEX9306
1220,E28038212000602607C13A8A,NKJ3243
1221,E28038212000602702ED24A6,CBB4481
1222,E28038212000602702ED2043,NKJ3244
1223,E28038212000602607C151E0,NAI8783
1224,E28038212000602607C06E1D,NEG1298
1225,E28038212000602702ED2073,NEG8840
1226,E28038212000602607C0FDF8,NFD5837
1227,E28038212000602702ED214B,NAI8773
1228,E28038212000602607C19EE5,ABG8055
1229,E28038212000602607C167BB,RJN367
1230,E28038212000602702ED2194,CCO4087
1231,E28038212000602607C0FB0D,CCO7349
1232,E28038212000602607C1A655,ABK7026
1233,E28038212000602607C0BE8F,U9D112
1234,E28038212000602702ED216C,AMA1924
1235,E28038212000602607C06572,ZNH989
1236,E28038212000602607C07AB7,CCE5802
1237,E28038212000602607C19792,NBO2855
1238,E28038212000602702F2D0A1,ACA1189
1239,E28038212000602607C06E09,CCE5746
1240,E28038212000602607C083A0,CAY9028
1241,E28038212000602607C11FF1,NKK5529
1242,E28038212000602702ED2088,CAO2087
1243,E28038212000602607C10724,NAL4301
1244,E28038212000602702ED2198,NHE1240
1245,E28038212000602702ED2234,RJE797
1246,E28038212000602702ED23D4,PXO859
1247,E28038212000602702ED23F2,NHF3749
1248,E28038212000602702ED2762,CR#40218789-2
1249,E28038212000602702ED2204,NBK4710
1250,E28038212000602607C19F59,CAG2525
1251,E28038212000602702ED24EA,NAX6857
1252,E28038212000602702ED1EE4,NCK3687
1253,E28038212000602702ED23EA,PIA734
1254,E28038212000602702ED266D,NAM1186
1255,E28038212000602702ED219B,NBQ2189
1256,E28038212000602702F2E8F9,NIF1435
1257,E28038212000602702ED21A4,BAA9596
1258,E28038212000602607C15AD1,RMR713
1259,E28038212000602702ED21D4,NEO8324
1260,E28038212000602702ED2459,CBN3037
1261,E28038212000602607C07AB5,CCB8194
1262,E28038212000602702F2DC5D,NGB1072
1263,E28038212000602702ED2775,NHE9260
1264,E28038212000602702ED20FC,NBL4955
1265,E28038212000602702ED1D68,CAO2088
1266,E28038212000602702ED2662,AAX5270
1267,E28038212000602702F2C4A1,RGN330
1268,E28038212000602702ED2403,CCK4750
1269,E28038212000602702ED1D5C,CCK4593
1270,E28038212000602702ED25DA,NHF5356
1271,E28038212000602702ED1F10,NIK4487
1272,E28038212000602702ED248D,CCK7920
1273,E28038212000602702ED22C3,NAX7405
1274,E28038212000602702ED2158,CR NO. 44576692
1275,E28038212000602607C0E630,CCK4087
1276,E28038212000602607C0515A,NDO330
1277,E28038212000602607C18629,NAN6474
1278,E28038212000602607C151D9,JAU5652
1279,E28038212000602702ED22E2,CCK8226
1280,E28038212000602607C184C0,CCP3831
1281,E28038212000602607C083A3,NCK9187
1282,E28038212000602702ED2466,CCK3689
1283,E28038212000602702F2DC57,CCK9197
1284,E28038212000602702ED22F1,CCP5813
1285,E28038212000602607C1978F,CCE6946
1286,E28038212000602702ED258F,CCK6280
1287,E28038212000602702ED26ED,NKH4328
1288,E28038212000602702ED22C7,CCK4779
1289,E28038212000602607C05B1D,CAS7609
1290,E28038212000602702ED21E0,NKH9156
1291,E28038212000602702ED2785,NAH7486
1292,E28038212000602702ED231D,CCN1191
1293,E28038212000602702F33DC7,386302007
1294,E28038212000602702ED264F,386268738
1295,E28038212000602702ED2285,RMX322
1296,E28038212000602702ED245C,NDY6646
1297,E28038212000602607C046F8,CBS8225
1298,E28038212000602702ED233C,AAQ7032
1299,E28038212000602702ED1FBC,NAB9350
1300,E28038212000602607C143B2,CCN9727
1301,E28038212000602702ED212B,NGS8637
1302,E28038212000602607C06385,CXU520
1303,E28038212000602702ED2641,BCL4592
1304,E28038212000602702ED2729,NDH3449
1305,E28038212000602607C0FDF7,NBJ2746
1306,E28038212000602702F33DCF,NCZ9167
1307,E28038212000602702F331AE,ZAD7342
1308,E28038212000602702ED2AC1,NBE7518
1309,E28038212000602702ED2545,NKH8962
1310,E28038212000602702ED1E78,CCK7564
1311,E28038212000602702ED22E7,NDC3371
1312,E28038212000602702ED2014,CAN5230
1313,E28038212000602702ED2486,NBJ8813
1314,E28038212000602607C0CC23,NKR9865
1315,E28038212000602607C0A6AC,CCE4814
1316,E28038212000602607C108C4,CAO2996
1317,E28038212000602702ED2505,NIO4251
1318,E28038212000602607C04FE8,CAF8699
1319,E28038212000602702ED24AD,NDC7104
1320,E28038212000602702ED2447,CCB9667
1321,E28038212000602702ED2855,NHD7516
1322,E28038212000602702ED236D,NAM1185
1323,E28038212000602702ED25A6,ABO3002
1324,E28038212000602607C0FDFB,CCK4994
1325,E28038212000602702F2C4C9,CDI7088
1326,E28038212000602702ED2613,CBQ8801
1327,E28038212000602607C083AA,BUA3137
1328,E28038212000602702ED239E,CAI4322
1329,E28038212000602607C091AC,NHA5908
1330,E28038212000602702ED2436,CCK4009
1331,E28038212000602702ED23EC,CBQ6844
1332,E28038212000602702F2E8FC,NDV3274
1333,E28038212000602607C12143,NCK6274
1334,E28038212000602702ED2000,ABF3047
1335,E28038212000602702ED25EA,NGB1068
1336,E28038212000602607C151E1,CCP5814
1337,E28038212000602607C151E3,CCK9861
1338,E28038212000602607C165A8,CBN8764
1339,E28038212000602702ED2110,RKT923
1340,E28038212000602702ED1FCB,CBJ8098
1341,E28038212000602607C083A2,CCP9566
1342,E28038212000602607C137DD,CCP9848
1343,E28038212000602702ED21FC,CCP7242
1344,E28038212000602702ED1FFF,CCP8425
1345,E28038212000602702ED1CE8,CCR1005
1346,E28038212000602607C12E7F,AAV5728
1347,E28038212000602702ED23F1,CCP9959
1348,E28038212000602607C05B22,
1349,E28038212000602607C0CDC5,
1350,E28038212000602702ED2008,
1351,E28038212000602607C0860F,
1352,E28038212000602702ED2178,
1353,E28038212000602702ED25AE,
1354,E28038212000602702F2F50D,
1355,E28038212000602702ED241A,
1356,E28038212000602702ED1CC8,
1357,E28038212000602702ED2347,
1358,E28038212000602702ED1FB4,
1359,E28038212000602702ED223C,
1360,E28038212000602702ED1D64,
1361,E28038212000602702F361DA,
1362,E28038212000602702ED1D44,
1363,E28038212000602607C0DA0D,
1364,E28038212000602702ED212C,
1365,E28038212000602607C12E81,
1366,E28038212000602702ED1DE8,
1367,E28038212000602702ED22A5,
1368,E28038212000602702ED1D0C,
1369,E28038212000602607C05985,
1370,E28038212000602702ED244E,
1371,E28038212000602702ED2068,
1372,E28038212000602607C05155,
1373,E28038212000602702ED238E,
1374,E28038212000602702ED23FD,
1375,E28038212000602702ED233B,
1376,E28038212000602607C0374B,
1377,E28038212000602702ED257B,
1378,E28038212000602702ED2671,
1379,E28038212000602607C167B5,
1380,E28038212000602607C15AC9,
1381,E28038212000602702ED2200,
1382,E28038212000602702ED2336,
1383,E28038212000602702ED241B,
1384,E28038212000602702ED26D6,
1385,E28038212000602702ED2722,
1386,E28038212000602702ED2023,
1387,E28038212000602702ED2335,
1388,E28038212000602702F34A53,
1389,E28038212000602702ED2083,
1390,E28038212000602607C0B512,
1391,E28038212000602702F2C4AA,
1392,E28038212000602607C18E1A,
1393,E28038212000602702ED2431,
1394,E28038212000602702ED24FD,
1395,E28038212000602607C09AD2,
1396,E28038212000602702ED1E18,
1397,E28038212000602607C1706C,
1398,E28038212000602702ED211C,
1399,E28038212000602702ED2013,
1400,E28038212000602702ED1FF7,
1401,E28038212000602702ED23B7,
1402,E28038212000602702ED1DB0,
1403,E28038212000602702ED20B3,
1404,E28038212000602702ED2359,
1405,E28038212000602702ED232B,
1406,E28038212000602702ED263F,
1407,E28038212000602607C0E634,
1408,E28038212000602702ED24B6,
1409,E28038212000602607C0FCA7,
1410,E28038212000602702ED2AA9,
1411,E28038212000602607C1392E,
1412,E28038212000602702ED26E9,
1413,E28038212000602607C0D876,
1414,E28038212000602607C06E15,
1415,E28038212000602607C1706D,
1416,E28038212000602702F361F1,
1417,E28038212000602702ED23CD,
1418,E28038212000602702ED26B7,
1419,E28038212000602607C14F62,
1420,E28038212000602702ED253A,
1421,E28038212000602702ED26B2,
1422,E28038212000602607C0A7F6,
1423,E28038212000602702ED2429,
1424,E28038212000602607C0BFDE,
1425,E28038212000602607C091AE,
1426,E28038212000602607C12144,
1427,E28038212000602702ED248E,
1428,E28038212000602702ED25D1,
1429,E28038212000602702ED2371,
1430,E28038212000602702ED2566,
1431,E28038212000602702ED26EC,
1432,E28038212000602702ED1EA8,
1433,E28038212000602607C11FEB,
1434,E28038212000602702ED2184,
1435,E28038212000602607C19791,
1436,E28038212000602702ED1F4C,
1437,E28038212000602607C1706E,
1438,E28038212000602702ED1E74,
1439,E28038212000602702ED24DD,
1440,E28038212000602702ED2789,
1441,E28038212000602607C10725,
1442,E28038212000602607C0FB06,
1443,E28038212000602702ED1DD4,
1444,E28038212000602702ED2532,
1445,E28038212000602607C0A7F4,
1446,E28038212000602702ED27D9,
1447,E28038212000602702ED2707,
1448,E28038212000602702ED2757,
1449,E28038212000602702ED24BF,
1450,E28038212000602702ED26A3,
1451,E28038212000602607C11528,
1452,E28038212000602607C1217A,
1453,E28038212000602702ED265E,
1454,E28038212000602702ED25C5,
1455,E28038212000602702F33DC2,
1456,E28038212000602702ED1FC8,
1457,E28038212000602702ED20C0,
1458,E28038212000602607C14F59,
1459,E28038212000602702ED26F7,
1460,E28038212000602702ED26C6,
1461,E28038212000602702ED249A,
1462,E28038212000602702ED23E1,
1463,E28038212000602702ED229D,
1464,E28038212000602702ED1E0C,
1465,E28038212000602702ED240E,
1466,E28038212000602702F2DC60,
1467,E28038212000602702F33E19,
1468,E28038212000602702F2D0C8,
1469,E28038212000602702ED22CB,
1470,E28038212000602607C12D03,
1471,E28038212000602607C0D86A,
1472,E28038212000602607C19F58,
1473,E28038212000602607C05156,
1474,E28038212000602607C13A81,
1475,E28038212000602702ED22FE,
1476,E28038212000602702ED22EE,
1477,E28038212000602607C05B2A,
1478,E28038212000602607C184B8,
1479,E28038212000602702ED2208,
1480,E28038212000602607C037A7,
1481,E28038212000602702ED229A,
1482,E28038212000602702ED1CCC,
1483,E28038212000602702ED2635,
1484,E28038212000602607C12D0C,
1485,E28038212000602607C17066,
1486,E28038212000602702ED260E,
1487,E28038212000602607C0E4D8,
1488,E28038212000602702ED26B1,
1489,E28038212000602702ED240B,
1490,E28038212000602702ED230D,
1491,E28038212000602702ED2218,
1492,E28038212000602702F34A19,
1493,E28038212000602702ED245D,
1494,E28038212000602702ED2454,
1495,E28038212000602702ED25CB,
1496,E28038212000602607C0B394,
1497,E28038212000602607C0A80F,
1498,E28038212000602702ED25F9,
1499,E28038212000602702ED2633,
1500,E28038212000602607C1464B,
1501,E28038212000602702F34A1F,
1502,E28038212000602702ED22BD,
1503,E28038212000602702ED2054,
1504,E28038212000602702ED21D8,
1505,E28038212000602702ED20A8,
1506,E28038212000602702ED2607,
1507,E28038212000602702ED263B,
1508,E28038212000602607C11678,
1509,E28038212000602702ED232F,
1510,E28038212000602702ED1F40,
1511,E28038212000602702F2D0A5,
1512,E28038212000602702ED1E98,
1513,E28038212000602702ED1CD8,
1514,E28038212000602607C0638C,
1515,E28038212000602702ED2118,
1516,E28038212000602607C09AD3,
1517,E28038212000602702ED25C1,
1518,E28038212000602702ED240F,
1519,E28038212000602702ED1F04,
1520,E28038212000602607C0DA16,
1521,E28038212000602702F2DCA3,
1522,E28038212000602702ED25F5,
1523,E28038212000602702ED1D34,
1524,E28038212000602607C18620,
1525,E28038212000602607C0638E,
1526,E28038212000602702ED204C,
1527,E28038212000602702ED273A,
1528,E28038212000602702ED257F,
1529,E28038212000602702ED2603,
1530,E28038212000602702ED262B,
1531,E28038212000602607C137DC,
1532,E28038212000602702ED2602,
1533,E28038212000602702ED22E9,
1534,E28038212000602702ED1E54,
1535,E28038212000602607C11FF3,
1536,E28038212000602702ED214C,
1537,E28038212000602607C19ED8,
1538,E28038212000602702ED20CC,
1539,E28038212000602702ED26D9,
1540,E28038212000602702ED2483,
1541,E28038212000602702F331A6,
1542,E28038212000602702ED234A,
1543,E28038212000602607C05B2B,
1544,E28038212000602702ED23B9,
1545,E28038212000602702ED20B4,
1546,E28038212000602702ED2593,
1547,E28038212000602702ED2366,
1548,E28038212000602607C09D77,
1549,E28038212000602607C167BA,
1550,E28038212000602702ED274F,
1551,E28038212000602702ED2766,
1552,E28038212000602607C151D8,
1553,E28038212000602607C0FB02,
1554,E28038212000602607C11675,
1555,E28038212000602702ED23BA,
1556,E28038212000602607C137D3,
1557,E28038212000602607C03EDD,
1558,E28038212000602702F2D0D4,
1559,E28038212000602702ED25FA,
1560,E28038212000602702ED1F9F,
1561,E28038212000602702ED2168,
1562,E28038212000602702ED269F,
1563,E28038212000602607C037A5,
1564,E28038212000602702ED2685,
1565,E28038212000602702ED1FBB,
1566,E28038212000602702ED2477,
1567,E28038212000602702ED20D0,
1568,E28038212000602607C1072C,
1569,E28038212000602607C10A18,
1570,E28038212000602702ED2407,
1571,E28038212000602702ED2027,
1572,E28038212000602702ED1DF8,
1573,E28038212000602702ED1FB7,
1574,E28038212000602702ED25FE,
1575,E28038212000602702F2D0AA,
1576,E28038212000602702ED2701,
1577,E28038212000602607C17AC8,
1578,E28038212000602702ED22C9,
1579,E28038212000602702ED2621,
1580,E28038212000602702ED2291,
1581,E28038212000602607C184C2,
1582,E28038212000602607C0DA0C,
1583,E28038212000602702ED203C,
1584,E28038212000602702ED239A,
1585,E28038212000602702ED1E88,
1586,E28038212000602702ED2120,
1587,E28038212000602702ED1D98,
1588,E28038212000602607C1139E,
1589,E28038212000602607C12E83,
1590,E28038212000602607C11FEA,
1591,E28038212000602702ED240D,
1592,E28038212000602702ED2399,
1593,E28038212000602607C12173,
1594,E28038212000602607C0CAE5,
1595,E28038212000602607C091A9,
1596,E28038212000602607C091A8,
1597,E28038212000602702ED1F58,
1598,E28038212000602607C19F55,
1599,E28038212000602607C0FB04,
1600,E28038212000602702ED26AB,
1601,E28038212000602607C0F1D5,
1602,E28038212000602702F2D0CF,
1603,E28038212000602607C08F19,
1604,E28038212000602702ED1FDC,
1605,E28038212000602607C11FE9,
1606,E28038212000602702ED1DFC,
1607,E28038212000602702ED2555,
1608,E28038212000602607C083AC,
1609,E28038212000602607C0CAEE,
1610,E28038212000602702ED253E,
1611,E28038212000602702ED1CB4,
1612,E28038212000602607C037AB,
1613,E28038212000602607C137D1,
1614,E28038212000602607C184BA,
1615,E28038212000602702F2DC5A,
1616,E28038212000602702ED23C9,
1617,E28038212000602702ED24EE,
1618,E28038212000602702ED2070,
1619,E28038212000602702F33E11,
1620,E28038212000602607C07AB9,
1621,E28038212000602702ED1F1C,
1622,E28038212000602607C18E12,
1623,E28038212000602702ED20E0,
1624,E28038212000602607C0B515,
1625,E28038212000602702ED1D00,
1626,E28038212000602702ED20F7,
1627,E28038212000602702ED2097,
1628,E28038212000602607C0EF08,
1629,E28038212000602607C07ABA,
1630,E28038212000602607C06380,
1631,E28038212000602702ED221C,
1632,E28038212000602607C04FF6,
1633,E28038212000602702ED21A7,
1634,E28038212000602702ED2299,
1635,E28038212000602702ED1FEB,
1636,E28038212000602702ED20D3,
1637,E28038212000602702ED22F5,
1638,E28038212000602607C0597B,
1639,E28038212000602607C0CDC0,
1640,E28038212000602702ED20BB,
1641,E28038212000602702F2D0A2,
1642,E28038212000602702ED1F50,
1643,E28038212000602702ED23E5,
1644,E28038212000602607C06E1C,
1645,E28038212000602607C13A83,
1646,E28038212000602702ED2128,
1647,E28038212000602607C0860C,
1648,E28038212000602702ED2281,
1649,E28038212000602702ED247B,
1650,E28038212000602607C0CAEC,
1651,E28038212000602607C0A6A0,
1652,E28038212000602607C0834B,
1653,E28038212000602702ED1F14,
1654,E28038212000602702ED26BE,
1655,E28038212000602702ED22E1,
1656,E28038212000602607C17C89,
1657,E28038212000602607C0D71B,
1658,E28038212000602702ED2753,
1659,E28038212000602607C0B513,
1660,E28038212000602702ED1FE7,
1661,E28038212000602607C06E17,
1662,E28038212000602607C1072D,
1663,E28038212000602607C17ACA,
1664,E28038212000602702ED25B2,
1665,E28038212000602607C08604,
1666,E28038212000602607C10A13,
1667,E28038212000602607C0656D,
1668,E28038212000602702ED258D,
1669,E28038212000602702ED23D1,
1670,E28038212000602702ED1EE8,
1671,E28038212000602702ED201C,
1672,E28038212000602607C122C8,
1673,E28038212000602702ED2549,
1674,E28038212000602702ED2167,
1675,E28038212000602607C143B0,
1676,E28038212000602702ED210B,
1677,E28038212000602702F35600,
1678,E28038212000602702ED219F,
1679,E28038212000602702ED1DC4,
1680,E28038212000602702ED2138,
1681,E28038212000602702ED2248,
1682,E28038212000602607C04FF5,
1683,E28038212000602702ED272A,
1684,E28038212000602702ED1E8C,
1685,E28038212000602607C0DA0E,
1686,E28038212000602702ED1D4C,
1687,E28038212000602607C18621,
1688,E28038212000602702ED1FC3,
1689,E28038212000602702ED21F0,
1690,E28038212000602702ED2197,
1691,E28038212000602607C17C8A,
1692,E28038212000602702ED212F,
1693,E28038212000602702ED1DB8,
1694,E28038212000602702ED23DD,
1695,E28038212000602702ED271E,
1696,E28038212000602702ED1D20,
1697,E28038212000602702ED1F9B,
1698,E28038212000602702ED21B4,
1699,E28038212000602702ED20EC,
1700,E28038212000602607C08609,
1701,E28038212000602607C17065,
1702,E28038212000602702ED2316,
1703,E28038212000602702ED1D3C,
1704,E28038212000602702ED2386,
1705,E28038212000602702ED2058,
1706,E28038212000602702ED26AA,
1707,E28038212000602702ED1D48,
1708,E28038212000602702F2DC9C,
1709,E28038212000602607C13A89,
1710,E28038212000602702F34A58,
1711,E28038212000602702ED25DD,
1712,E28038212000602607C0515B,
1713,E28038212000602607C12E7E,
1714,E28038212000602607C11677,
1715,E28038212000602702ED1E64,
1716,E28038212000602607C09ADD,
1717,E28038212000602702ED2053,
1718,E28038212000602702ED2601,
1719,E28038212000602607C0DA0F,
1720,E28038212000602607C14F5A,
1721,E28038212000602607C0D8CB,
1722,E28038212000602702ED2084,
1723,E28038212000602702ED1E5C,
1724,E28038212000602702ED217B,
1725,E28038212000602607C03EDE,
1726,E28038212000602607C0FDF9,
1727,E28038212000602702ED26D2,
1728,E28038212000602607C10727,
1729,E28038212000602702ED2147,
1730,E28038212000602607C03F9C,
1731,E28038212000602607C0C16A,
1732,E28038212000602702ED230F,
1733,E28038212000602702ED20F0,
1734,E28038212000602607C0FB0E,
1735,E28038212000602702ED259A,
1736,E28038212000602607C06E16,
1737,E28038212000602702ED2439,
1738,E28038212000602702ED1CD4,
1739,E28038212000602702ED1D10,
1740,E28038212000602702ED210C,
1741,E28038212000602702ED1CF4,
1742,E28038212000602702ED2040,
1743,E28038212000602607C18628,
1744,E28038212000602607C15ACA,
1745,E28038212000602607C037A9,
1746,E28038212000602607C0BE7A,
1747,E28038212000602607C13A80,
1748,E28038212000602607C137D2,
1749,E28038212000602702ED2104,
1750,E28038212000602607C0DA10,
1751,E28038212000602607C0BE82,
1752,E28038212000602702ED2725,
1753,E28038212000602607C037A4,
1754,E28038212000602702ED202B,
1755,E28038212000602607C09D79,
1756,E28038212000602702ED20E8,
1757,E28038212000602607C04FEA,
1758,E28038212000602702ED2067,
1759,E28038212000602702ED21F8,
1760,E28038212000602702ED22C5,
1761,E28038212000602702ED1FB8,
1762,E28038212000602607C14F60,
1763,E28038212000602607C0C162,
1764,E28038212000602607C03EE6,
1765,E28038212000602702ED23C1,
1766,E28038212000602702ED26A9,
1767,E28038212000602607C11395,
1768,E28038212000602607C0B517,
1769,E28038212000602607C14F61,
1770,E28038212000602702ED2511,
1771,E28038212000602702ED1FC7,
1772,E28038212000602702ED204B,
1773,E28038212000602702ED1F28,
1774,E28038212000602702ED1FDF,
1775,E28038212000602702ED1EF0,
1776,E28038212000602607C0656C,
1777,E28038212000602607C0860B,
1778,E28038212000602607C091A4,
1779,E28038212000602607C0FB0C,
1780,E28038212000602607C0C168,
1781,E28038212000602702F355FD,
1782,E28038212000602702ED24C0,
1783,E28038212000602702ED209F,
1784,E28038212000602607C196B4,
1785,E28038212000602702F34A4D,
1786,E28038212000602702ED1D58,
1787,E28038212000602607C04FF7,
1788,E28038212000602702ED2376,
1789,E28038212000602702ED1D2C,
1790,E28038212000602702F2E8A2,
1791,E28038212000602702ED1FDB,
1792,E28038212000602702ED21D0,
1793,E28038212000602702ED2230,
1794,E28038212000602702ED211B,
1795,E28038212000602702ED2356,
1796,E28038212000602607C0E339,
1797,E28038212000602607C08F24,
1798,E28038212000602702ED256D,
1799,E28038212000602607C0E347,
1800,E28038212000602702ED1DE4,
1801,E28038212000602702ED1F24,
1802,E28038212000602702ED2666,
1803,E28038212000602607C0DA13,
1804,E28038212000602702ED2177,
1805,E28038212000602607C17258,
1806,E28038212000602702ED20D8,
1807,E28038212000602607C09ADF,
1808,E28038212000602702ED2546,
1809,E28038212000602607C0A6A8,
1810,E28038212000602702ED276E,
1811,E28038212000602702ED1DBC,
1812,E28038212000602702ED23E3,
1813,E28038212000602702ED2435,
1814,E28038212000602702F355FE,
1815,E28038212000602702F2C4AB,
1816,E28038212000602607C0A6AA,
1817,E28038212000602702ED1E14,
1818,E28038212000602607C0F1D6,
1819,E28038212000602702ED246D,
1820,E28038212000602702ED23A9,
1821,E28038212000602702ED23DE,
1822,E28038212000602702F2D0D2,
1823,E28038212000602702ED23C4,
1824,E28038212000602702ED2337,
1825,E28038212000602702ED23B4,
1826,E28038212000602607C12BE4,
1827,E28038212000602702ED1FE3,
1828,E28038212000602702ED2074,
1829,E28038212000602607C15AC8,
1830,E28038212000602702ED237A,
1831,E28038212000602702F2DC5E,
1832,E28038212000602607C108C1,
1833,E28038212000602702ED271A,
1834,E28038212000602702ED2663,
1835,E28038212000602702F361D9,
1836,E28038212000602607C0A819,
1837,E28038212000602607C0E4EA,
1838,E28038212000602702ED2409,
1839,E28038212000602702ED237B,
1840,E28038212000602702ED200C,
1841,E28038212000602702ED263E,
1842,E28038212000602607C0FC5C,
1843,E28038212000602702ED2687,
1844,E28038212000602702ED25CF,
1845,E28038212000602702ED2646,
1846,E28038212000602702ED2301,
1847,E28038212000602702ED243B,
1848,E28038212000602607C1217D,
1849,E28038212000602702ED2357,
1850,E28038212000602702F2D0AE,
1851,E28038212000602702ED23CE,
1852,E28038212000602702F34A56,
1853,E28038212000602702ED2342,
1854,E28038212000602702F2D0CD,
1855,E28038212000602702ED1FB3,
1856,E28038212000602702ED23E0,
1857,E28038212000602702ED1FCC,
1858,E28038212000602607C12D35,
1859,E28038212000602702ED25D3,
1860,E28038212000602702F34A57,
1861,E28038212000602607C05B29,
1862,E28038212000602702ED1FF8,
1863,E28038212000602702ED261A,
1864,E28038212000602702ED2686,
1865,E28038212000602607C0638F,
1866,E28038212000602702ED2495,
1867,E28038212000602702ED230C,
1868,E28038212000602702ED2134,
1869,E28038212000602702ED2583,
1870,E28038212000602607C11529,
1871,E28038212000602702ED22BF,
1872,E28038212000602702ED23F6,
1873,E28038212000602702ED24E1,
1874,E28038212000602702ED22C1,
1875,E28038212000602702ED2589,
1876,E28038212000602702ED2781,
1877,E28038212000602702ED2423,
1878,E28038212000602702ED2645,
1879,E28038212000602702ED249C,
1880,E28038212000602607C0F08F,
1881,E28038212000602607C151E2,
1882,E28038212000602702ED2542,
1883,E28038212000602702ED24F6,
1884,E28038212000602702ED24E3,
1885,E28038212000602607C05B28,
1886,E28038212000602702ED22B1,
1887,E28038212000602607C0A7FF,
1888,E28038212000602702ED245F,
1889,E28038212000602702ED23AD,
1890,E28038212000602607C07ABF,
1891,E28038212000602607C09C2B,
1892,E28038212000602702ED1FA4,
1893,E28038212000602607C0F1DF,
1894,E28038212000602702ED22E5,
1895,E28038212000602607C0FB07,
1896,E28038212000602702ED23CC,
1897,E28038212000602702ED2721,
1898,E28038212000602702ED26BD,
1899,E28038212000602702ED2576,
1900,E28038212000602702ED22C6,
1901,E28038212000602702ED2617,
1902,E28038212000602702ED2655,
1903,E28038212000602702ED273D,
1904,E28038212000602702ED255B,
1905,E28038212000602607C06387,
1906,E28038212000602702ED26E8,
1907,E28038212000602702ED26DA,
1908,E28038212000602702ED2332,
1909,E28038212000602702ED2623,
1910,E28038212000602702ED249B,
1911,E28038212000602607C08F10,
1912,E28038212000602702ED2586,
1913,E28038212000602702ED233F,
1914,E28038212000602702ED22DB,
1915,E28038212000602607C1087D,
1916,E28038212000602702ED2A81,
1917,E28038212000602702ED25BE,
1918,E28038212000602702ED2352,
1919,E28038212000602607C0CC6C,
1920,E28038212000602702ED2304,
1921,E28038212000602702F34A22,
1922,E28038212000602607C11524,
1923,E28038212000602702ED22FC,
1924,E28038212000602702ED245B,
1925,E28038212000602702F33E1C,
1926,E28038212000602702ED2323,
1927,E28038212000602702ED270F,
1928,E28038212000602702ED274B,
1929,E28038212000602607C0C010,
1930,E28038212000602702ED235A,
1931,E28038212000602702F2E8A9,
1932,E28038212000602702ED24BB,
1933,E28038212000602607C0BFCB,
1934,E28038212000602607C0D86D,
1935,E28038212000602702ED234B,
1936,E28038212000602702ED21A8,
1937,E28038212000602702F331A8,
1938,E28038212000602607C0A815,
1939,E28038212000602702ED263D,
1940,E28038212000602702ED21E8,
1941,E28038212000602702ED269E,
1942,E28038212000602702ED278D,
1943,E28038212000602702ED26E7,
1944,E28038212000602702ED275A,
1945,E28038212000602702F2B8D8,
1946,E28038212000602702ED23A0,
1947,E28038212000602607C0B3BF,
1948,E28038212000602702ED2450,
1949,E28038212000602607C05984,
1950,E28038212000602607C1725B,
1951,E28038212000602702ED20EB,
1952,E28038212000602702ED2425,
1953,E28038212000602607C0BE83,
1954,E28038212000602702ED1E9C,
1955,E28038212000602702ED2220,
1956,E28038212000602702ED2100,
1957,E28038212000602702ED2034,
1958,E28038212000602607C0D71E,
1959,E28038212000602702ED1EF8,
1960,E28038212000602702ED1E38,
1961,E28038212000602702ED1FA3,
1962,E28038212000602702ED205C,
1963,E28038212000602702ED20F4,
1964,E28038212000602607C09AD0,
1965,E28038212000602607C0C15F,
1966,E28038212000602607C08605,
1967,E28038212000602702ED2148,
1968,E28038212000602607C0A6AD,
1969,E28038212000602607C05979,
1970,E28038212000602702ED2565,
1971,E28038212000602702ED1E1C,
1972,E28038212000602607C0D71C,
1973,E28038212000602607C06E14,
1974,E28038212000602702F34A51,
1975,E28038212000602702ED2214,
1976,E28038212000602607C0CDC8,
1977,E28038212000602702ED2157,
1978,E28038212000602607C196BC,
1979,E28038212000602607C17AD6,
1980,E28038212000602607C1139F,
1981,E28038212000602702ED1E68,
1982,E28038212000602702ED24BA,
1983,E28038212000602607C04805,
1984,E28038212000602607C0CDC3,
1985,E28038212000602702ED213C,
1986,E28038212000602702ED2395,
1987,E28038212000602702ED26CD,
1988,E28038212000602702ED2491,
1989,E28038212000602702ED20EF,
1990,E28038212000602702F33DC8,
1991,E28038212000602607C05978,
1992,E28038212000602702ED2173,
1993,E28038212000602607C05157,
1994,E28038212000602607C06573,
1995,E28038212000602702ED248B,
1996,E28038212000602702ED258A,CCP7272
1997,E28038212000602702ED238C,NKS4695
1998,E28038212000602607C0597F,
1999,E28038212000602702ED228D,
2000,E28038212000602702ED208F,
2001,E28038212000602607C17067,
2002,E28038212000602702ED2689,